Title,Price,Rating,Image URL,Result Type
"ASUS Vivobook S16,Intel Core Ultra 5 225H,AI PC(Intel Arc iGPU/16GB RAM/512GB SSD/FHD/16/60Hz/Backlit Keyboard/70Whr/Windows 11/M365 Basic(1Year)*/Office Home 2024/Cool Silver/1.7 Kg) S3607CA-SH071WS",₹799,4.1 out of 5 stars,https://m.media-amazon.com/images/I/71MAe4Du8uL._AC_UY218_.jpg,Ad
"Apple 2026 MacBook Neo 13″ Laptop with A18 Pro chip: Built for AI and Apple Intelligence, Liquid Retina Display, 8GB Unified Memory, 256GB SSD Storage, 1080p FaceTime HD Camera; Indigo",₹650,4.7 out of 5 stars,https://m.media-amazon.com/images/I/61vTx-Qa1QL._AC_UY218_.jpg,Ad
"Acer Smartchoice Aspire One, AMD Ryzen 3-7320U, 8GB LPDDR5 RAM/ 256GB SSD, 14.0""/35.56cm TN HD Display, Win 11 Home, Pure Silver, 1.48KG, A114-43, Thin and Light Laptop",₹399,5.0 out of 5 stars,https://m.media-amazon.com/images/I/71ouu-iX3pL._AC_UY218_.jpg,Organic
"Dell 15 (Previously Inspiron) Laptop, 14th Gen Intel Core i3/Core 3 100U Processor, 8GB DDR4, 512 SSD, 15.6"" FHD 120Hz IPS 250 nit Display, Win 11 + Office H&S 2024, Carbon Black, Thin & Light 1.63Kg",₹464,4.1 out of 5 stars,https://m.media-amazon.com/images/I/717WZ7WriwL._AC_UY218_.jpg,Organic
"𝗗𝗲𝗹𝗹Laptop Model 5420 | 𝗜𝗡𝗧𝗘𝗟i5 11th Gen Processor |8GB DDR4 RAM |256GB SSD |14"" FHD Display | Win10 | A+ Condition Laptop (Refab)",₹319,5.0 out of 5 stars,https://m.media-amazon.com/images/I/51LHNjAjH9L._AC_UY218_.jpg,Organic
"Dell G15, 13th Gen Intel Core i5-13450HX Processor, NVIDIA RTX 3050-6GB, (16GB RAM 1TB SSD) FHD 15.6""/39.62 cm, Orange Backlit Keyboard, Win 11, MS Office'24, Dark Shadow Grey, 2.65Kg Gaming Laptop",₹784,4.0 out of 5 stars,https://m.media-amazon.com/images/I/61ko2a0owDL._AC_UY218_.jpg,Organic
"HP 15, AMD Ryzen 5 7520U,(16GB LPDDR5, 512GB SSD), Anti-Glare, Micro-Edge, FHD, 15.6''/39.6cm, Win 11, Office 24,M365 Basic(1yr)*,Silver, 1.59kg, fc0690au, FHD Camera, Backlit KB Laptop",₹549,4.0 out of 5 stars,https://m.media-amazon.com/images/I/71qeL9SvpeL._AC_UY218_.jpg,Organic
"HP Smartchoice Omnibook 5 OLED (Previously Pavilion), Snapdragon X Processor (16GB LPDDR5x,1TB SSD) 2K OLED,16''/40.6cm, Win11, M365(1yr)*Office24, Glacier Silver, 1.59kg, fb0001QU,Next-Gen AI Laptop",₹670,4.2 out of 5 stars,https://m.media-amazon.com/images/I/71IdAMTOjZL._AC_UY218_.jpg,Organic
"ASUS Vivobook 15 (2026),Intel Core 3 100U (14th Gen),Intel iGPU, 8GB/512GB, FHD, 15.6""(39.6 cm),Windows 11 Home,M365 Basic(1 Year)* Office 2024,Quiet Blue,1.7 Kg, X1504VAP-BQ1322WS,Thin & Light Laptop",₹539,N/A,https://m.media-amazon.com/images/I/71i8u4V18ZL._AC_UY218_.jpg,Organic
"HP 15, 13th Gen Intel Core i3-1315U Laptop (8GB DDR4,512GB SSD) Anti-Glare, Micro-Edge,15.6''/39.6cm, FHD, Win11,M365 Basic(1yr),Office Home24, Silver,1.59kg, FHD Camera w/Privacy Shutter, fd0569TU",₹500,4.2 out of 5 stars,https://m.media-amazon.com/images/I/61R5Ecv7i-L._AC_UY218_.jpg,Organic
"Apple 2026 MacBook Pro Laptop with M5 Max chip with 18‑core CPU and 40‑core GPU: Built for AI, 41.05 cm (16.2″) Liquid Retina XDR Display, 48GB Unified Memory, 2TB SSD Storage; Space Black",₹4999,4.3 out of 5 stars,https://m.media-amazon.com/images/I/61h78UMEXjL._AC_UY218_.jpg,Ad
"Apple 2026 MacBook Air 13″ Laptop with M5 chip: AI and Apple Intelligence, 34.46 cm (13.6″) Liquid Retina Display, 16GB Unified Memory, 512GB SSD Storage, 12MP Center Stage Camera, Touch ID; Sky Blue",₹1103,4.9 out of 5 stars,https://m.media-amazon.com/images/I/71kKQjKzW1L._AC_UY218_.jpg,Ad
"Lenovo V15 G4 AMD Athlon Silver 7120U Laptop 8GB LPDDR5 Ram, 512 GB SSD PCIe, Windows 11 Lifetime Validity,15.6"" FHD Screen, AMD Radeon 610M, Silver, 1 Year Brand Warranty",₹429,4.0 out of 5 stars,https://m.media-amazon.com/images/I/61AccNkmFFL._AC_UY218_.jpg,Organic
"Acer Smartchoice Aspire One, Intel Core Celeron N4500, Office 2024 + M365 Basic, 12GB LPDDR4X / 512GB SSD, 14.0""/35.56cm TN HD Display, Win 11 Home, Pure Silver, 1.3KG, A114-45, Thin and Light Laptop",₹399,3.3 out of 5 stars,https://m.media-amazon.com/images/I/71uoRYyilhL._AC_UY218_.jpg,Organic
"Lenovo V15 G4 AMD Ryzen 5 7520U 15.6 inch FHD Laptop, AMD Graphics, 16GB DDR5 5500Mhz Ram, 512GB SSD NVMe, Windows 11, Dolby Audio, Arctic Grey, 1 Year Onsite Brand Warranty",₹547,4.0 out of 5 stars,https://m.media-amazon.com/images/I/71aup0IO2ZL._AC_UY218_.jpg,Organic
"HP Victus, AMD Ryzen 7 7445HS, 4GB RTX 2050, 16GB DDR5(Upgradable) 512GB SSD, FHD, 144Hz, 300 nits, IPS, 15.6''/39.6cm, Win11, M365* Office24, Mica Silver, 2.29kg, fb3123AX, Backlit, Gaming Laptop",₹686,4.2 out of 5 stars,https://m.media-amazon.com/images/I/71qIJPTTD3L._AC_UY218_.jpg,Organic
"Lenovo LOQ 13th Gen Intel Core i7-13650HX 15.6"" (39.6cm) 144Hz 300Nits FHD Gaming Laptop (16GB/512GB SSD/Win 11/NVIDIA RTX 4050 6GB/1Yr ADP Free/MSO 24/Grey/2.3Kg), 83DV01A5IN",₹1095,4.7 out of 5 stars,https://m.media-amazon.com/images/I/8107BhtbdyL._AC_UY218_.jpg,Organic
"Dell 15 Smart Choice (Previously Inspiron), 13th Gen Intel Core i5-1334U (16GB RAM, 1TB SSD) FHD, 15.6""/39.62cm, Windows 11 MSO'24, Silver, 1.62kg, 12 Month McAfee, Backlit KB, Thin & Light Laptop",₹704,3.8 out of 5 stars,https://m.media-amazon.com/images/I/718X9G8SM0L._AC_UY218_.jpg,Organic
"Dell 15, Intel Core i3/Core 3 14th Gen-100U, 16GB DDR4, 512GB SSD, FHD IPS, 15.6""/39.62cm, Windows 11, Microsoft Office Home 2024, Carbon Black, 1.63Kg, Thin & Light, Laptop Model NO - Dell 15 DCU5250",₹494,3.7 out of 5 stars,https://m.media-amazon.com/images/I/71I4NoKj-oL._AC_UY218_.jpg,Organic
"ASUS Vivobook 15, Smartchoice,Intel Core i3 13th Gen 1315U, 12GB RAM, 512GB SSD, FHD 15.6"", Win 11, Office 2024, Quiet Blue, 1.7Kg, X1504VA-BQ332WS, Intel UHD iGPU, M365 Basic (1Year)*, 42Whrs Laptop",₹519,4.3 out of 5 stars,https://m.media-amazon.com/images/I/61JUHhbEMxL._AC_UY218_.jpg,Organic
"Apple 2026 MacBook Air 13″ Laptop with M5 chip: AI and Apple Intelligence, 34.46 cm (13.6″) Liquid Retina Display, 16GB Unified Memory, 512GB SSD Storage, 12MP Center Stage Camera, Touch ID; Midnight",₹1102,4.6 out of 5 stars,https://m.media-amazon.com/images/I/71eX66ytH+L._AC_UY218_.jpg,Ad
"Apple 2026 MacBook Air 15″ Laptop with M5 chip: AI and Apple Intelligence, 38.91 cm (15.3″) Liquid Retina Display, 24GB Unified Memory, 1TB SSD Storage, 12MP Center Stage Camera, Touch ID; Sky Blue",₹1701,5.0 out of 5 stars,https://m.media-amazon.com/images/I/718Ori0rXpL._AC_UY218_.jpg,Ad
"Apple 2026 MacBook Neo 13″ Laptop with A18 Pro chip: Built for AI and Apple Intelligence, Liquid Retina Display, 8GB Unified Memory, 256GB SSD Storage, 1080p FaceTime HD Camera; Indigo",₹650,4.7 out of 5 stars,https://m.media-amazon.com/images/I/61vTx-Qa1QL._AC_UY218_.jpg,Ad
"ASUS Vivobook S16,Intel Core Ultra 5 225H,AI PC(Intel Arc iGPU/16GB RAM/512GB SSD/FHD/16/60Hz/Backlit Keyboard/70Whr/Windows 11/M365 Basic(1Year)*/Office Home 2024/Cool Silver/1.7 Kg) S3607CA-SH071WS",₹799,4.1 out of 5 stars,https://m.media-amazon.com/images/I/71MAe4Du8uL._AC_UY218_.jpg,Ad
"Lenovo IdeaPad 1 AMD Ryzen 5 5500U 15.6"" HD Thin and Light Laptop (8GB RAM/512GB SSD/Windows 11 Home/Office Home 2024/1 Year ADP Free/Grey/1.6Kg), 82R4011MIN",₹499,4.1 out of 5 stars,https://m.media-amazon.com/images/I/71xHNSCyRsL._AC_UY218_.jpg,Organic
"ASUS Vivobook 15, Smartchoice,Intel Core i3 13th Gen 1315U, 12GB RAM, 512GB SSD, FHD 15.6"", Win 11, Office 2024, Quiet Blue, 1.7Kg, X1504VA-BQ332WS, Intel UHD iGPU, M365 Basic (1Year)*, 42Whrs Laptop",₹519,4.3 out of 5 stars,https://m.media-amazon.com/images/I/61JUHhbEMxL._AC_UY218_.jpg,Organic
"HP 15 (2026), AMD Athlon Dual Core 7120U - (8 GB DDR5/512 GB SSD/AMD Radeon 610M Graphics/DOS) Thin and Light Business Laptop/15.6"" HD Display/Turbo Silver/Copilot Key/1.5kg",₹403,2.5 out of 5 stars,https://m.media-amazon.com/images/I/718-7YE0WQL._AC_UY218_.jpg,Organic
"Lenovo IdeaPad Slim 3, AMD Ryzen 7 8840HS, 24GB RAM, 1TB SSD, WUXGA IPS, AI PC, 15.3""/38.8cm, Backlit Keyboard, Windows 11, Office Home 2024, Grey, 1.6Kg, 1Yr ADP Free, 83KA004TIN, AI Powered Laptop",₹819,4.2 out of 5 stars,https://m.media-amazon.com/images/I/81qhEwftqEL._AC_UY218_.jpg,Organic
"HP Pavilion Plus, Intel Core i5-1335U-13th Gen Laptop, (16GB LPDDR5x,512GB SSD),IPS, 300 nits, 14''(35.6cm) 2K,Win 11, M365 Basic(1yr), Office Home 24, Silver,1.38kg, 5MP Camera w/Shutter, ew0107TU",₹644,3.7 out of 5 stars,https://m.media-amazon.com/images/I/61s8J1vGi0L._AC_UY218_.jpg,Organic
"BrowseBook 14.1"" FHD IPS Laptop | Best Student & Office Work Laptop | Celeron N4020 | 4GB RAM | 128GB SSD | Windows 11 | 38Wh | 1.3kg | Grey",₹209,2.7 out of 5 stars,https://m.media-amazon.com/images/I/71h+7L8gcrL._AC_UY218_.jpg,Organic
"HP 15, Intel Core Ultra 5 125H (16GB DDR5, 1TB SSD) FHD, IPS, 15.6''/39.6cm, Win11, M365 Basic(1yr)*Office24, Silver, 1.65kg, fd1354TU, Intel Arc Graphics, FHD Camera w/Shutter, AI Powered Laptop",₹799,3.8 out of 5 stars,https://m.media-amazon.com/images/I/71dyfY6G0aL._AC_UY218_.jpg,Organic
"HP 15 Smartchoice, 13th Gen Intel Core i5-1334U (16GB DDR4, 1TB SSD) FHD, Anti-Glare, Micro-Edge, 15.6''/39.6cm, Win11, M365(1yr) Office24, Silver, 1.59kg, FD0552TU,Iris Xe, FHD Camera, Backlit Laptop",₹689,3.8 out of 5 stars,https://m.media-amazon.com/images/I/71mCBCzJ8nL._AC_UY218_.jpg,Organic
"Apple 2026 MacBook Pro Laptop with M5 Max chip with 18‑core CPU and 40‑core GPU: Built for AI, 41.05 cm (16.2″) Liquid Retina XDR Display, 48GB Unified Memory, 2TB SSD Storage; Space Black",₹4999,4.3 out of 5 stars,https://m.media-amazon.com/images/I/61h78UMEXjL._AC_UY218_.jpg,Ad
"Apple 2026 MacBook Air 15″ Laptop with M5 chip: AI and Apple Intelligence, 38.91 cm (15.3″) Liquid Retina Display, 16GB Unified Memory, 1TB SSD Storage, 12MP Center Stage Camera, Touch ID; Midnight",₹1517,5.0 out of 5 stars,https://m.media-amazon.com/images/I/718d4Eu7cFL._AC_UY218_.jpg,Ad
"HP 255 Notebook, AMD Athlon Silver 7120U,8GB DDR4, 256GB SSD, 15.6-inch(39.6cm), Anti-Glare, HD Laptop, Radeon Graphics, (Win 11, Silver,1.52kg) G10",₹388,3.9 out of 5 stars,https://m.media-amazon.com/images/I/71rw7cd14mL._AC_UY218_.jpg,Organic
"HP 15 255R G10, AMD Ryzen 5 7535U Hexa Core (6 Core, 12 Threads, 2.9 to Max 4.3 Ghz) (8 GB/512 GB SSD/AMD Radeon Graphics/dos) Thin and Light Laptop(15.6 inch HD Display, Matt Silver, 1.45",₹477,4.2 out of 5 stars,https://m.media-amazon.com/images/I/71rDlgf2Q6L._AC_UY218_.jpg,Organic
"Lenovo IdeaPad Slim 3, 13th Gen Intel Core i5 13420H, 24GB RAM, 1TB SSD, WUXGA IPS, 15.3""/38.8cm, Windows 11, Office Home 2024, Grey, 1.6Kg, Backlit Keyboard, 1Yr ADP Free, 83K100PLIN, Laptop",₹749,4.2 out of 5 stars,https://m.media-amazon.com/images/I/71D9HSayVSL._AC_UY218_.jpg,Organic
"HP Smartchoice Victus, 13th Gen Intel Core i7-13620H, 8GB RTX 5050, 24GB DDR5(Upgradeable) 1TB SSD, 144Hz, FHD, 15.6''/39.6cm, Win11, M365* Office24, Mica Silver, 2.29kg, fa2309TX, RGB Gaming Laptop",₹1199,4.0 out of 5 stars,https://m.media-amazon.com/images/I/71HKFtogydL._AC_UY218_.jpg,Organic
"Lenovo IdeaPad Slim 3 12th Gen Intel Core i5-12450H 15.6 Inch (39.6cm) FHD Thin & Light Laptop (16GB/512GB SSD/Windows 11/Office Home 2024/3months Game Pass/Arctic Grey/1.62Kg), 83ER00MCIN",₹582,4.5 out of 5 stars,https://m.media-amazon.com/images/I/61kNhhiAxSL._AC_UY218_.jpg,Organic
"Dell 15, Smart Choice AMD Ryzen 7-7730U, 16GB DDR4, 512GB SSD, FHD, 15.6""/39.6cm, Windows 11, Microsoft Office Home 2024, Silver, 1.63Kg, 120Hz 250nits, AMD Radeon Graphics, Thin & Light Laptop",₹584,3.5 out of 5 stars,https://m.media-amazon.com/images/I/71M9t-wC2FL._AC_UY218_.jpg,Organic
"ASUS Zenbook 14 (2026),Smartchoice,Intel Core Ultra 9 285H,32GB RAM,1TB SSD,OLED,Touchscreen,14""(35.5 cm),Win 11,M365 Basic(1Y)* Office 24,Foggy Silver,1.28 Kg,UX3405CA-QL1113WS,Thin & Light Laptop",₹1249,N/A,https://m.media-amazon.com/images/I/61tjQ9CkAhL._AC_UY218_.jpg,Organic
"ASUS Vivobook 16, Intel Core i5-12500H, 16GB RAM, 512GB SSD, FHD+ 60Hz 300Nits, 16"", Windows 11, MS Office Home, Transparent Silver, 1.88KG, X1605ZAC-MB541WS, Fingerprint, 42Whr Battery Laptop",₹606,4.2 out of 5 stars,https://m.media-amazon.com/images/I/61fsBFww9DL._AC_UY218_.jpg,Organic
"ASUS Zenbook 14, Smartchoice, Intel Core Ultra 5 Series 2,16GB RAM,1TB SSD,3K OLED 14"", Touchscreen, Win 11, Office Home 2024,Blue, 1.28kg, UX3405CA-PZ162WS, Intel iGPU, M365 Basic (1Year)* Laptop",₹1149,4.3 out of 5 stars,https://m.media-amazon.com/images/I/71n6Fs5KQPL._AC_UY218_.jpg,Ad
"Apple 2026 MacBook Air 13″ laptop with M5 chip: AI and Apple Intelligence, 34.46 cm (13.6″) Liquid Retina Display, 16GB Unified Memory, 512GB SSD Storage, 12MP Center Stage Camera, Touch ID; Starlight",₹1115,4.5 out of 5 stars,https://m.media-amazon.com/images/I/71OjWwgFuEL._AC_UY218_.jpg,Ad
"Apple 2026 MacBook Neo 13″ Laptop with A18 Pro chip: Built for AI and Apple Intelligence, Liquid Retina Display, 8GB Unified Memory, 256GB SSD Storage, 1080p FaceTime HD Camera; Citrus",₹650,4.7 out of 5 stars,https://m.media-amazon.com/images/I/61N2I4e0PNL._AC_UY218_.jpg,Ad
"ASUS Vivobook S16,Intel Core Ultra 5 225H,AI PC(Intel Arc iGPU/16GB RAM/512GB SSD/FHD/16/60Hz/Backlit Keyboard/70Whr/Windows 11/M365 Basic(1Year)*/Office Home 2024/Cool Silver/1.7 Kg) S3607CA-SH071WS",₹799,4.1 out of 5 stars,https://m.media-amazon.com/images/I/71MAe4Du8uL._AC_UY218_.jpg,Ad
"ASUS Vivobook 16, Intel Core i5-12500H, 16GB RAM, 512GB SSD, FHD+ 60Hz 300Nits, 16"", Windows 11, MS Office Home, Transparent Silver, 1.88KG, X1605ZAC-MB541WS, Fingerprint, 42Whr Battery Laptop",₹606,4.2 out of 5 stars,https://m.media-amazon.com/images/I/61fsBFww9DL._AC_UY218_.jpg,Organic
"ASUS Vivobook 14 (2026),Intel Core Ultra 5 225H, Intel iGPU,16GB RAM,1TB SSD,FHD+,14""(35.5 cm),Windows 11,M365 Basic(1 Year)* Office 2024, Platinum Gold, 1.46 Kg, X1407CA-LY1581WS,Thin & Light Laptop",₹699,4.4 out of 5 stars,https://m.media-amazon.com/images/I/418dOHs7XKL._AC_UY218_.jpg,Organic
"Acer Aspire 3 Laptop Intel Core Celeron N4500 Processor Laptop (8 GB LPDDR4X SDRAM/256 GB SSD/Win11 Home/38 WHR/HD Webcam) A325-45 with 39.63 cm (15.6"") HD Display, Pure Silver, 1.5 KG",₹369,3.6 out of 5 stars,https://m.media-amazon.com/images/I/41bdNUDc8pL._AC_UY218_.jpg,Organic
"Lenovo Ideapad 5 2-in-1 13th Gen Core i5-13420H (16GB RAM/512GB SSD/Windows 11/Office Home 2024/WUXGA IPS/14 (35.5cm)/Touchscreen 2-in-1/3Mon.Game Pass/Grey/1.6kg), 83KX0059IN Laptop",₹794,4.2 out of 5 stars,https://m.media-amazon.com/images/I/61XOR7fpbVL._AC_UY218_.jpg,Organic
"ASUS Vivobook 16, Smartchoice, Intel Core Ultra 5 Series 2, 16GB RAM, 512GB SSD, FHD+ 16"", Windows 11, Office Home 2024, Silver, 1.88kg, X1607CA-MB142WS, Intel iGPU, M365 Basic (1Year)* Laptop",₹679,4.4 out of 5 stars,https://m.media-amazon.com/images/I/714zVJcMt5L._AC_UY218_.jpg,Organic
"ASUS Vivobook 15, 13th Gen, Intel Core i3-1315U, 16GB RAM, 512GB SSD, FHD, Anti-Glare, 15.6"", 39.6 cm, Windows 11 Home, M365 Basic(1yr)* Office24, Quiet Blue, 1.70 kg, X1504VA-BQ342WS, Laptop",₹523,4.2 out of 5 stars,https://m.media-amazon.com/images/I/71OUu3JeNIL._AC_UY218_.jpg,Organic
"ASUS ROG Strix SCAR 18,Intel Core Ultra 9 275HX Gaming Laptop(NVIDIA RTX 5090-24GB/175W TGP/64GB/2TB/2.5K QHD+/18""/240Hz/Windows 11/M365 Basic(1Year)*/Office Home 2024/Off Black/3.30 Kg)G835LX-SA187WS",₹4999,4.4 out of 5 stars,https://m.media-amazon.com/images/I/71kUn311DqL._AC_UY218_.jpg,Organic
"HP 255R G10 Notebook (AMD Athlon Silver 7120U /8GB/512GB/DOS) 15.6-inch(39.6cm), Anti-Glare, HD Laptop, Radeon Graphics, Silver,1.52kg",₹405,N/A,https://m.media-amazon.com/images/I/71rDlgf2Q6L._AC_UY218_.jpg,Organic
"Apple 2026 MacBook Pro Laptop with M5 Max chip with 18‑core CPU and 40‑core GPU: Built for AI, 41.05 cm (16.2″) Liquid Retina XDR Display, 48GB Unified Memory, 2TB SSD Storage; Space Black",₹4999,4.3 out of 5 stars,https://m.media-amazon.com/images/I/61h78UMEXjL._AC_UY218_.jpg,Ad
"Apple 2026 MacBook Air 15″ Laptop with M5 chip: AI and Apple Intelligence, 38.91 cm (15.3″) Liquid Retina Display, 16GB Unified Memory, 1TB SSD Storage, 12MP Center Stage Camera, Touch ID; Midnight",₹1517,5.0 out of 5 stars,https://m.media-amazon.com/images/I/718d4Eu7cFL._AC_UY218_.jpg,Ad
"HP 15 (2026), AMD Ryzen 3 Quad Core 7335U - (8 GB DDR5/512 GB SSD/AMD Radeon 660M Graphics/Windows 11 Home) Thin and Light Business Laptop/15.6"" Display/Turbo Silver/Copilot Key/1.5kg/MS Office",₹436,N/A,https://m.media-amazon.com/images/I/71vF+WK+vrL._AC_UY218_.jpg,Organic
"HP Smartchoice Victus, 14th Gen Intel Core i5-14450HX, 6GB RTX 3050 (24GB DDR5, 512GB SSD) FHD, 144Hz, 15.6''/39.6cm, Win11, M365* Office24, Mica Silver, 2.3kg, fa2303tx/fa2315tx, RGB Gaming Laptop",₹899,4.3 out of 5 stars,https://m.media-amazon.com/images/I/71ESz+ewFFL._AC_UY218_.jpg,Organic
"HP Omen, AMD Ryzen AI 7 350, 8GB RTX 5050, 24GB DDR5(Upgradeable) 1TB SSD, 165Hz, 2k WUXGA, 3ms, 400 nits, 16'(40.6cm) Win11, M365* Office24, Black, 2.44kg, ap0165AX, RGB, AI Gaming Laptop",₹1349,4.5 out of 5 stars,https://m.media-amazon.com/images/I/71P33TSPkVL._AC_UY218_.jpg,Organic
"HP OmniBook X Flip OLED (Previously Envy) Intel Core Ultra 5 226V, 40 Tops(16GB LPDDR5X,512GB SSD) 3K, Touch, 120hz,14''/35.6cm, Win11, Office24, Meteor Silver,1.38kg, fm0058TU,Pen, Next Gen AI Laptop",₹1119,3.8 out of 5 stars,https://m.media-amazon.com/images/I/71N04uIPZDL._AC_UY218_.jpg,Organic
"HP Professional 15 (2026), Intel (i5 14th Gen) Core 5 120U - (16 GB/512 GB SSD/Intel Iris Xe Graphics/DOS) Business Laptop/15.6"" FHD/Backlit + Fingerprint/Silver/Copilot Key/1.5kg",₹615,3.2 out of 5 stars,https://m.media-amazon.com/images/I/71gGeGiFNKL._AC_UY218_.jpg,Organic
"HP 15, Intel Core i3-1315U-13th Gen Laptop (8GB DDR4 Ram,512GB SSD) Anti-Glare, Micro-Edge,15.6'"" FHD, Win11,M365 Basic(1yr),Office Home24, Silver,1.59kg, FHD Camera Shutter, 15-fd0569TU",₹494,4.0 out of 5 stars,https://m.media-amazon.com/images/I/61vulbzLZcL._AC_UY218_.jpg,Organic
"DELL PRO 15 (2025) AMD Ryzen 5 7520U Quad Core - (8 GB DDR5/512 GB SSD/AMD Radeon 610M Graphics/Windows 11 Home) Thin and Light Business Laptop/Backlit/15.6"" FHD Display/Black/1.5 kg/MSO 2021",₹447,3.7 out of 5 stars,https://m.media-amazon.com/images/I/71JpPRWXOOL._AC_UY218_.jpg,Organic
"ASUS Gaming V16 (2025) 14th Gen,Intel Core 7 240H Gaming Laptop (RTX 4050-6GB/16GB RAM/512GB SSD/Windows 11 Home/16/144Hz/M365*/Office Home 2024, Matte Black,1.95 Kg),V3607VU-RP275WS",₹929,4.4 out of 5 stars,https://m.media-amazon.com/images/I/71YeigfZCuL._AC_UY218_.jpg,Organic
"ASUS Zenbook 14, Smartchoice, Intel Core Ultra 5 Series 2,16GB RAM,1TB SSD,3K OLED 14"", Touchscreen, Win 11, Office Home 2024,Blue, 1.28kg, UX3405CA-PZ162WS, Intel iGPU, M365 Basic (1Year)* Laptop",₹1149,4.3 out of 5 stars,https://m.media-amazon.com/images/I/71n6Fs5KQPL._AC_UY218_.jpg,Ad
"HP Omen, Intel Core Ultra 7 255H, 8GB RTX 5050, 24GB DDR5(Upgradeable) 1TB SSD, 2K, 165Hz, 3ms Response time, IPS, 16''/40.6cm, Win11, M365*Office24, Shadow Black, 2.43kg, am0240tx, RGB Gaming Laptop",₹1469,3.9 out of 5 stars,https://m.media-amazon.com/images/I/71hYhVo8BgL._AC_UY218_.jpg,Ad
